{
  "id": "/subscriptions/285542e8-5013-4ce1-a4dc-c3048b784f2b/resourceGroups/SpotifyMergerPlaylist-api_group/providers/Microsoft.Resources/deployments/Microsoft.Web-WebApp-Portal-3a689d57-8c66",
  "name": "Microsoft.Web-WebApp-Portal-3a689d57-8c66",
  "type": "Microsoft.Resources/deployments",
  "tags": {
    "primaryResourceId": "/subscriptions/285542e8-5013-4ce1-a4dc-c3048b784f2b/resourcegroups/SpotifyMergerPlaylist-api_group/providers/Microsoft.Web/sites/SpotifyMergerPlaylist-api",
    "marketplaceItemId": "Microsoft.WebSite",
    "provisioningHash": "customize-post-provisioning-steps-webapp-deployment"
  },
  "properties": {
    "templateHash": "9283021687108625557",
    "parameters": {
      "subscriptionId": {
        "type": "String",
        "value": "285542e8-5013-4ce1-a4dc-c3048b784f2b"
      },
      "resourceGroupName": {
        "type": "String",
        "value": "SpotifyMergerPlaylist-api_group"
      },
      "name": {
        "type": "String",
        "value": "SpotifyMergerPlaylist-api"
      },
      "location": {
        "type": "String",
        "value": "Brazil South"
      },
      "hostingPlanName": {
        "type": "String",
        "value": "ASP-SpotifyMergerPlaylistapigroup-ab5f"
      },
      "serverFarmResourceGroup": {
        "type": "String",
        "value": "SpotifyMergerPlaylist-api_group"
      },
      "alwaysOn": {
        "type": "Bool",
        "value": false
      },
      "ftpsState": {
        "type": "String",
        "value": "FtpsOnly"
      },
      "autoGeneratedDomainNameLabelScope": {
        "type": "String",
        "value": "TenantReuse"
      },
      "sku": {
        "type": "String",
        "value": "Free"
      },
      "skuCode": {
        "type": "String",
        "value": "F1"
      },
      "workerSize": {
        "type": "String",
        "value": "0"
      },
      "workerSizeId": {
        "type": "String",
        "value": "0"
      },
      "numberOfWorkers": {
        "type": "String",
        "value": "1"
      },
      "currentStack": {
        "type": "String",
        "value": "dotnet"
      },
      "phpVersion": {
        "type": "String",
        "value": "OFF"
      },
      "netFrameworkVersion": {
        "type": "String",
        "value": "v8.0"
      }
    },
    "mode": "Incremental",
    "debugSetting": {
      "detailLevel": "None"
    },
    "provisioningState": "Running",
    "timestamp": "2025-03-19T01:58:02.2135643Z",
    "duration": "PT5.8336712S",
    "correlationId": "33320ad6-58c0-4fd7-9a9a-0fb202dfc620",
    "providers": [
      {
        "namespace": "Microsoft.Web",
        "resourceTypes": [
          {
            "resourceType": "sites",
            "locations": [
              "brazilsouth"
            ]
          },
          {
            "resourceType": "sites/basicPublishingCredentialsPolicies",
            "locations": [
              null
            ]
          },
          {
            "resourceType": "serverfarms",
            "locations": [
              "brazilsouth"
            ]
          }
        ]
      },
      {
        "namespace": "microsoft.insights",
        "resourceTypes": [
          {
            "resourceType": "components",
            "locations": [
              "brazilsouth"
            ]
          }
        ]
      },
      {
        "namespace": "Microsoft.Resources",
        "resourceTypes": [
          {
            "resourceType": "deployments",
            "locations": [
              null
            ]
          }
        ]
      }
    ],
    "dependencies": [
      {
        "dependsOn": [
          {
            "id": "/subscriptions/285542e8-5013-4ce1-a4dc-c3048b784f2b/resourceGroups/SpotifyMergerPlaylist-api_group/providers/microsoft.insights/components/SpotifyMergerPlaylist-api",
            "resourceType": "microsoft.insights/components",
            "resourceName": "SpotifyMergerPlaylist-api"
          },
          {
            "id": "/subscriptions/285542e8-5013-4ce1-a4dc-c3048b784f2b/resourceGroups/SpotifyMergerPlaylist-api_group/providers/Microsoft.Web/serverfarms/ASP-SpotifyMergerPlaylistapigroup-ab5f",
            "resourceType": "Microsoft.Web/serverfarms",
            "resourceName": "ASP-SpotifyMergerPlaylistapigroup-ab5f"
          },
          {
            "id": "/subscriptions/285542e8-5013-4ce1-a4dc-c3048b784f2b/resourceGroups/SpotifyMergerPlaylist-api_group/providers/microsoft.insights/components/SpotifyMergerPlaylist-api",
            "resourceType": "microsoft.insights/components",
            "resourceName": "SpotifyMergerPlaylist-api",
            "apiVersion": "2015-05-01"
          }
        ],
        "id": "/subscriptions/285542e8-5013-4ce1-a4dc-c3048b784f2b/resourceGroups/SpotifyMergerPlaylist-api_group/providers/Microsoft.Web/sites/SpotifyMergerPlaylist-api",
        "resourceType": "Microsoft.Web/sites",
        "resourceName": "SpotifyMergerPlaylist-api"
      },
      {
        "dependsOn": [
          {
            "id": "/subscriptions/285542e8-5013-4ce1-a4dc-c3048b784f2b/resourceGroups/SpotifyMergerPlaylist-api_group/providers/Microsoft.Web/Sites/SpotifyMergerPlaylist-api",
            "resourceType": "Microsoft.Web/Sites",
            "resourceName": "SpotifyMergerPlaylist-api"
          }
        ],
        "id": "/subscriptions/285542e8-5013-4ce1-a4dc-c3048b784f2b/resourceGroups/SpotifyMergerPlaylist-api_group/providers/Microsoft.Web/sites/SpotifyMergerPlaylist-api/basicPublishingCredentialsPolicies/scm",
        "resourceType": "Microsoft.Web/sites/basicPublishingCredentialsPolicies",
        "resourceName": "SpotifyMergerPlaylist-api/scm"
      },
      {
        "dependsOn": [
          {
            "id": "/subscriptions/285542e8-5013-4ce1-a4dc-c3048b784f2b/resourceGroups/SpotifyMergerPlaylist-api_group/providers/Microsoft.Web/Sites/SpotifyMergerPlaylist-api",
            "resourceType": "Microsoft.Web/Sites",
            "resourceName": "SpotifyMergerPlaylist-api"
          }
        ],
        "id": "/subscriptions/285542e8-5013-4ce1-a4dc-c3048b784f2b/resourceGroups/SpotifyMergerPlaylist-api_group/providers/Microsoft.Web/sites/SpotifyMergerPlaylist-api/basicPublishingCredentialsPolicies/ftp",
        "resourceType": "Microsoft.Web/sites/basicPublishingCredentialsPolicies",
        "resourceName": "SpotifyMergerPlaylist-api/ftp"
      },
      {
        "dependsOn": [
          {
            "id": "/subscriptions/285542e8-5013-4ce1-a4dc-c3048b784f2b/resourceGroups/DefaultResourceGroup-CQ/providers/Microsoft.Resources/deployments/newWorkspaceTemplate",
            "resourceType": "Microsoft.Resources/deployments",
            "resourceName": "newWorkspaceTemplate"
          }
        ],
        "id": "/subscriptions/285542e8-5013-4ce1-a4dc-c3048b784f2b/resourceGroups/SpotifyMergerPlaylist-api_group/providers/microsoft.insights/components/SpotifyMergerPlaylist-api",
        "resourceType": "microsoft.insights/components",
        "resourceName": "SpotifyMergerPlaylist-api"
      }
    ],
    "validationLevel": "Template"
  }
}